flickrid,owner_id,title,date_downl,date_shot,gps_bool,farm,server,secret,make,model,foc_mm,azimuth_bo,azimuth,height
23116328113,96818645@N04,,2016-10-06,2015-05-08,"1","1","585",,Apple,iPhone 6,4.200000000000000,"0",193.268156400000009,410.968750000000000
16190689184,112459783@N04,,2016-10-06,2015-03-09,"1","9","8727",,Apple,iPhone 6,4.200000000000000,"0",136.302306399999992,418.600000000000023
21594463858,23182635@N05,AAA  15-07-11 150224 - Le Sorelle Kessler,2016-10-06,2015-07-11,"1","1","675",,Apple,iPhone 6,4.200000000000000,"0",83.547400609999997,374.346875000000011
20563203171,69108079@N07,,2016-10-06,2015-07-31,"1","6","5718",,Apple,iPhone 5s,4.200000000000000,"0",96.937984499999999,373.146997899999974
20370000229,69108079@N07,,2016-10-06,2015-07-31,"1","6","5636",,Apple,iPhone 6 Plus,4.200000000000000,"0",75.925754060000003,374.552941200000021
20563198471,69108079@N07,,2016-10-06,2015-07-31,"1","6","5717",,Apple,iPhone 5s,4.200000000000000,"0",46.211290320000003,373.439114399999994
19934991363,69108079@N07,,2016-10-06,2015-07-31,"1","6","5723",,Apple,iPhone 6 Plus,4.200000000000000,"0",75.925754060000003,374.552941200000021
16877772026,25823827@N00,blue and green waters merge,2016-10-06,2015-03-21,"1","8","7585",,SONY,DSC-HX9V,4.300000000000000,"0",151.750000000000000,395.990000000000009
16902626981,25823827@N00,notice,2016-10-06,2015-03-21,"1","9","8731",,SONY,DSC-HX9V,8.900000000000000,"0",56.500000000000000,396.920000000000016
16903588925,25823827@N00,"bridges and trees, Geneva",2016-10-06,2015-03-20,"1","9","8684",,SONY,DSC-HX9V,4.300000000000000,"0",276.000000000000000,391.569999999999993
21291468244,13042951@N00,801europa,2016-10-06,2015-07-04,"1","1","615",,Apple,iPhone 4S,4.300000000000000,"0",228.543624200000011,432.000000000000000
21291435694,13042951@N00,842europa,2016-10-06,2015-07-05,"1","6","5720",,Apple,iPhone 4S,4.300000000000000,"0",64.073550209999993,433.000000000000000
21727295519,13042951@N00,843europa,2016-10-06,2015-07-05,"1","6","5656",,Apple,iPhone 4S,4.300000000000000,"0",280.242105299999992,433.000000000000000
21727294859,13042951@N00,844europa,2016-10-06,2015-07-05,"1","1","646",,Apple,iPhone 4S,4.300000000000000,"0",274.864197499999989,433.000000000000000
21291433904,13042951@N00,845europa,2016-10-06,2015-07-05,"1","6","5688",,Apple,iPhone 4S,4.300000000000000,"0",199.550505100000009,442.000000000000000
21293055063,13042951@N00,846europa,2016-10-06,2015-07-05,"1","6","5816",,Apple,iPhone 4S,4.300000000000000,"0",66.666243649999998,436.000000000000000
21291431544,13042951@N00,847europa,2016-10-06,2015-07-05,"1","1","776",,Apple,iPhone 4S,4.300000000000000,"0",38.314578009999998,436.000000000000000
21923877101,13042951@N00,848europa,2016-10-06,2015-07-05,"1","6","5667",,Apple,iPhone 4S,4.300000000000000,"0",170.428742499999998,433.191780800000004
21293053013,13042951@N00,849europa,2016-10-06,2015-07-05,"1","6","5775",,Apple,iPhone 4S,4.300000000000000,"0",226.037914699999988,433.202020199999993
21726326498,13042951@N00,850europa,2016-10-06,2015-07-05,"1","6","5789",,Apple,iPhone 4S,4.300000000000000,"0",188.206422000000003,433.202020199999993
21038638286,18786052@N00,,2016-10-06,2015-09-01,"1","1","703",,Apple,iPhone 5s,4.200000000000000,"0",185.519823800000012,433.323308300000008
21072515701,18786052@N00,,2016-10-06,2015-09-01,"1","6","5735",,Apple,iPhone 5s,4.200000000000000,"0",350.998087999999996,432.431192699999997
20876967468,18786052@N00,,2016-10-06,2015-09-01,"1","6","5811",,Apple,iPhone 5s,4.200000000000000,"0",180.995122000000009,434.671875000000000
20878078349,18786052@N00,,2016-10-06,2015-08-20,"1","6","5630",,Apple,iPhone 5s,4.200000000000000,"0",40.644808740000002,437.156342199999983
20880700086,97437142@N02,,2016-10-06,2015-06-15,"1","1","713",,Apple,iPhone 6 Plus,4.200000000000000,"0",55.608719049999998,437.917127100000016
20720217579,97437142@N02,,2016-10-06,2015-06-15,"1","6","5708",,Apple,iPhone 6 Plus,4.200000000000000,"0",29.892915980000001,440.838235300000008
20718921360,97437142@N02,,2016-10-06,2015-06-15,"1","6","5681",,Apple,iPhone 6 Plus,4.200000000000000,"0",159.449856699999998,437.318237500000009
20897249012,97437142@N02,,2016-10-06,2015-06-15,"1","1","577",,Apple,iPhone 6 Plus,4.200000000000000,"0",295.998691099999974,437.937500000000000
20906963245,97437142@N02,,2016-10-06,2015-06-15,"1","6","5818",,Apple,iPhone 6 Plus,4.200000000000000,"0",106.096000000000004,425.214046800000006
20906963135,97437142@N02,,2016-10-06,2015-06-15,"1","1","718",,Apple,iPhone 6 Plus,4.200000000000000,"0",359.378205100000002,414.640046299999995
20906959295,97437142@N02,,2016-10-06,2015-06-15,"1","1","606",,Apple,iPhone 6 Plus,4.200000000000000,"0",359.708737900000017,414.640046299999995
20718909270,97437142@N02,,2016-10-06,2015-06-15,"1","6","5793",,Apple,iPhone 6 Plus,2.700000000000000,"0",116.446969699999997,411.711764700000003
20906898855,97437142@N02,,2016-10-06,2015-06-15,"1","6","5685",,Apple,iPhone 6 Plus,4.200000000000000,"0",313.580246900000020,411.732142899999985
20914190831,97437142@N02,,2016-10-06,2015-06-15,"1","1","579",,Apple,iPhone 6 Plus,4.200000000000000,"0",264.682899200000008,411.861386100000004
20880613086,97437142@N02,,2016-10-06,2015-06-15,"1","6","5659",,Apple,iPhone 6 Plus,4.200000000000000,"0",265.989795899999990,411.861386100000004
20897171502,97437142@N02,,2016-10-06,2015-06-15,"1","6","5754",,Apple,iPhone 6 Plus,4.200000000000000,"0",269.225165600000025,411.487603299999989
20718835420,97437142@N02,,2016-10-06,2015-06-15,"1","6","5630",,Apple,iPhone 6 Plus,4.200000000000000,"0",291.374814800000024,412.219858199999976
20718927078,97437142@N02,,2016-10-06,2015-06-15,"1","1","656",,Apple,iPhone 6 Plus,4.200000000000000,"0",231.920689699999997,410.211382099999980
20906881215,97437142@N02,,2016-10-06,2015-06-15,"1","1","752",,Apple,iPhone 6 Plus,4.200000000000000,"0",238.771573600000011,410.186991900000010
20880606476,97437142@N02,,2016-10-06,2015-06-15,"1","6","5805",,Apple,iPhone 6 Plus,4.200000000000000,"0",179.819742499999990,411.484375000000000
16789714331,96055218@N03,IMG_2455,2016-10-06,2015-02-22,"1","8","7634",,Apple,iPhone 5s,4.200000000000000,"0",313.610619499999984,418.902857100000006
16789705651,96055218@N03,IMG_2452,2016-10-06,2015-02-22,"1","9","8682",,Apple,iPhone 5s,2.200000000000000,"0",126.231527099999994,418.902857100000006
16603255708,96055218@N03,IMG_2440,2016-10-06,2015-02-22,"1","8","7641",,Apple,iPhone 5s,4.200000000000000,"0",14.273910210000000,418.902857100000006
16764966416,96055218@N03,IMG_2435,2016-10-06,2015-02-22,"1","9","8649",,Apple,iPhone 5s,2.200000000000000,"0",202.224880399999989,418.902857100000006
25894282540,96474914@N05,,2016-10-06,2015-05-16,"1","2","1692",,Apple,iPhone 6,4.200000000000000,"0",161.424437299999994,403.000000000000000
25893937320,96474914@N05,,2016-10-06,2015-05-16,"1","2","1603",,Apple,iPhone 6,4.200000000000000,"0",162.268156400000009,403.000000000000000
26166264005,96474914@N05,,2016-10-06,2015-05-16,"1","2","1555",,Apple,iPhone 6,4.200000000000000,"0",187.570909099999994,403.000000000000000
26054774052,97901743@N08,IMG_1626,2016-10-06,2015-10-31,"1","2","1651",,Apple,iPhone 6,4.200000000000000,"0",12.524786320000000,361.865079400000013
25837916710,96474914@N05,,2016-10-06,2015-05-16,"1","2","1587",,Apple,iPhone 6,4.200000000000000,"0",189.605222700000013,403.000000000000000
22404844542,49948988@N03,Geneva,2016-10-06,2015-10-22,"1","6","5791",,Apple,iPhone 6 Plus,4.200000000000000,"0",144.623003199999999,376.666774799999985
22392043506,49948988@N03,Geneva,2016-10-06,2015-10-22,"1","6","5740",,Apple,iPhone 6 Plus,4.200000000000000,"0",69.687898090000004,373.264000000000010
22404838262,49948988@N03,Geneva,2016-10-06,2015-10-22,"1","1","638",,Apple,iPhone 6 Plus,4.200000000000000,"0",207.281938300000007,379.455223900000021
20035559596,103560756@N06,"NYC scarves I / ""drip drop droopy"" style",2016-10-06,2015-07-27,"1","1","345",,Apple,iPhone 5,4.100000000000000,"0",338.684615399999984,394.848920899999996
18834898039,127261636@N08,,2016-10-06,2015-05-02,"1","1","281",,Apple,iPhone 6,4.200000000000000,"0",253.979274599999997,402.956896599999993
23787877656,57615963@N06,TEDGlobal>Geneva,2016-10-06,2015-12-08,"1","1","711",,Apple,iPhone 6s,2.700000000000000,"0",175.192192199999994,375.173553700000014
23787877376,57615963@N06,TEDGlobal>Geneva,2016-10-06,2015-12-08,"1","1","765",,Apple,iPhone 6s,2.700000000000000,"0",222.528957499999990,381.963190199999985
23446012969,57615963@N06,TEDGlobal>Geneva,2016-10-06,2015-12-08,"1","1","735",,Apple,iPhone 6s,4.200000000000000,"0",318.065217399999995,369.915254199999993
23705551982,57615963@N06,TEDGlobal>Geneva,2016-10-06,2015-12-08,"1","1","764",,Apple,iPhone 6s,4.200000000000000,"0",291.833082699999977,371.649253699999974
23705551462,57615963@N06,TEDGlobal>Geneva,2016-10-06,2015-12-08,"1","6","5821",,Apple,iPhone 6s,4.200000000000000,"0",301.441666699999985,403.353846200000021
23731514441,57615963@N06,TEDGlobal>Geneva,2016-10-06,2015-12-08,"1","6","5696",,Apple,iPhone 6s,4.200000000000000,"0",37.360262010000000,379.035294099999987
23743232725,96818645@N04,,2016-10-06,2015-05-08,"1","6","5745",,Apple,iPhone 6,4.200000000000000,"0",238.713567799999993,415.499721399999999
23705545702,57615963@N06,Bâtiment des Forces Motrices for TEDGlobal>Geneva,2016-10-06,2015-12-08,"1","1","580",,Apple,iPhone 6s,4.200000000000000,"0",333.203703700000005,372.704545499999995
23187168523,57615963@N06,Bâtiment des Forces Motrices for TEDGlobal>Geneva,2016-10-06,2015-12-08,"1","1","601",,Apple,iPhone 6s,4.200000000000000,"0",340.517786600000022,374.071253099999979
23187168033,57615963@N06,Bâtiment des Forces Motrices for TEDGlobal>Geneva,2016-10-06,2015-12-08,"1","6","5672",,Apple,iPhone 6s,4.200000000000000,"0",16.590532540000002,374.793388400000026
23787864096,57615963@N06,Bâtiment des Forces Motrices for TEDGlobal>Geneva,2016-10-06,2015-12-08,"1","6","5808",,Apple,iPhone 6s,4.200000000000000,"0",10.587723790000000,399.369318200000009
23787862386,57615963@N06,Bâtiment des Forces Motrices for TEDGlobal>Geneva,2016-10-06,2015-12-08,"1","6","5729",,Apple,iPhone 6s,4.200000000000000,"0",283.478947399999981,370.046474400000022
23518273730,57615963@N06,Bâtiment des Forces Motrices for TEDGlobal>Geneva,2016-10-06,2015-12-08,"1","6","5756",,Apple,iPhone 6s,4.200000000000000,"0",289.233050800000001,371.132867099999999
23518270400,57615963@N06,TEDGlobal>Geneva,2016-10-06,2015-12-08,"1","6","5744",,Apple,iPhone 6s,4.200000000000000,"0",282.876237600000024,372.776271199999996
23705536752,57615963@N06,TEDGlobal>Geneva,2016-10-06,2015-12-08,"1","6","5701",,Apple,iPhone 6s,4.200000000000000,"0",196.655502399999989,405.873493999999994
22413279195,95746458@N04,,2016-10-06,2015-10-22,"1","1","758",,Apple,iPhone 4S,4.300000000000000,"0",236.408866999999987,412.380952400000012
23850275052,8650698@N02,Genève 日內瓦,2016-10-06,2015-08-01,"1","2","1567",,Apple,iPhone 5s,2.200000000000000,"0",149.236514499999998,401.994818699999996
20720124429,97437142@N02,,2016-10-06,2015-06-15,"1","6","5694",,Apple,iPhone 6 Plus,4.200000000000000,"0",319.699797199999978,412.867187500000000
20897162752,97437142@N02,,2016-10-06,2015-06-15,"1","1","571",,Apple,iPhone 6 Plus,4.200000000000000,"0",351.423841100000004,416.035460999999998
20285852323,97437142@N02,,2016-10-06,2015-06-15,"1","1","768",,Apple,iPhone 6 Plus,4.200000000000000,"0",324.129771000000005,410.849940000000004
20718824400,97437142@N02,,2016-10-06,2015-06-15,"1","6","5678",,Apple,iPhone 6 Plus,4.200000000000000,"0",27.571227080000000,406.544943799999999
20284284274,97437142@N02,,2016-10-06,2015-06-15,"1","1","599",,Apple,iPhone 6 Plus,4.200000000000000,"0",354.625292699999989,408.962121200000013
20718820000,97437142@N02,,2016-10-06,2015-06-15,"1","6","5744",,Apple,iPhone 6 Plus,4.200000000000000,"0",25.698000000000000,406.544943799999999
27864836411,131571153@N07,,2016-10-06,2015-06-03,"1","8","7092",,Apple,iPhone 5s,4.100000000000000,"0",105.395683500000004,413.570881199999974
27327152863,131571153@N07,,2016-10-06,2015-06-03,"1","8","7440",,Apple,iPhone 5s,4.100000000000000,"0",310.406392700000026,416.001677900000004
27862097641,131571153@N07,,2016-10-06,2015-06-03,"1","8","7460",,Apple,iPhone 5s,4.100000000000000,"0",18.721495330000000,411.910569099999975
27938087025,131571153@N07,,2016-10-06,2015-06-03,"1","8","7326",,Apple,iPhone 5s,4.100000000000000,"0",139.902127699999994,423.077519400000028
23384073524,52786697@N00,GPL only zone,2016-10-06,2015-12-27,"1","6","5817",,Apple,iPhone 5s,4.200000000000000,"0",212.741984699999989,438.458404099999996
23939994775,96818645@N04,,2016-10-06,2015-05-08,"1","2","1665",,Apple,iPhone 6,4.200000000000000,"0",319.467661700000008,410.540540500000020
23445932609,57615963@N06,TEDGlobal>Geneva,2016-10-06,2015-12-07,"1","1","709",,Apple,iPhone 6s,4.200000000000000,"0",156.752475199999992,411.670391100000018
23185767854,57615963@N06,TEDGlobal>Geneva,2016-10-06,2015-12-07,"1","1","725",,Apple,iPhone 6s,4.200000000000000,"0",289.572164900000018,403.925867499999981
23445930659,57615963@N06,TEDGlobal>Geneva,2016-10-06,2015-12-07,"1","6","5624",,Apple,iPhone 6s,4.200000000000000,"0",353.873417700000005,405.780141800000024
23116485703,96818645@N04,,2016-10-06,2015-05-08,"1","6","5821",,Apple,iPhone 6,4.200000000000000,"0",324.685897399999988,410.094736800000021
20936246911,103594294@N02,enfant et fenec,2016-10-06,2015-03-19,"1","6","5759",,Apple,iPhone 4S,4.300000000000000,"0",278.633766200000025,391.000000000000000
18104029626,125879049@N04,My Harley Davidson,2016-10-06,2015-05-25,"1","9","8849",,Apple,iPhone 5,4.100000000000000,"0",92.633251830000006,387.627906999999993
17944292239,125879049@N04,My Harley Davidson,2016-10-06,2015-05-25,"1","9","8836",,Apple,iPhone 5,4.100000000000000,"0",94.746136870000001,371.156424599999980
27327568444,131571153@N07,,2016-10-06,2015-06-03,"1","8","7318",,Apple,iPhone 5s,4.100000000000000,"0",213.142259400000000,451.259842499999991
25564530183,96474914@N05,,2016-10-06,2015-05-15,"1","2","1466",,Apple,iPhone 6,4.200000000000000,"0",217.861538499999995,413.415730300000007
25561585374,96474914@N05,,2016-10-06,2015-05-15,"1","2","1665",,Apple,iPhone 6,4.200000000000000,"0",104.215277799999996,418.830601100000024
26080909111,97901743@N08,IMG_1618,2016-10-06,2015-10-31,"1","2","1704",,Apple,iPhone 6,4.200000000000000,"0",94.135396520000000,375.473028999999997
23591071279,8650698@N02,Genève 日內瓦,2016-10-06,2015-08-02,"1","6","5650",,Apple,iPhone 5s,4.100000000000000,"0",182.443438899999990,384.806629799999996
23958926895,8650698@N02,Genève 日內瓦,2016-10-06,2015-08-02,"1","6","5768",,Apple,iPhone 5s,4.100000000000000,"0",73.581027669999997,387.320987699999989
23663266260,8650698@N02,Genève 日內瓦,2016-10-06,2015-08-02,"1","2","1552",,Apple,iPhone 5s,4.100000000000000,"0",238.413407799999987,386.167701899999997
23932831626,8650698@N02,Genève 日內瓦,2016-10-06,2015-08-02,"1","6","5707",,Apple,iPhone 5s,4.100000000000000,"0",322.169642899999985,351.679012300000011
23705531052,57615963@N06,TEDGlobal>Geneva,2016-10-06,2015-12-07,"1","6","5802",,Apple,iPhone 6s,4.200000000000000,"0",353.545563500000014,396.096491200000003
23185825484,57615963@N06,Faucet AND DRYER! TEDGlobal>Geneva,2016-10-06,2015-12-07,"1","1","731",,Apple,iPhone 6s,4.200000000000000,"0",167.596000000000004,409.221556899999996
23445989299,57615963@N06,TEDGlobal>Geneva,2016-10-06,2015-12-07,"1","6","5672",,Apple,iPhone 6s,4.200000000000000,"0",191.907173000000000,405.777202100000011
23787850166,57615963@N06,Downtown Geneva,2016-10-06,2015-12-07,"1","1","782",,Apple,iPhone 6s,4.200000000000000,"0",300.611160299999995,385.212290499999995
23185823564,57615963@N06,Downtown Geneva,2016-10-06,2015-12-07,"1","6","5626",,Apple,iPhone 6s,4.200000000000000,"0",248.219008300000013,386.248484800000028
23445987299,57615963@N06,Downtown Geneva,2016-10-06,2015-12-07,"1","6","5669",,Apple,iPhone 6s,4.200000000000000,"0",93.681177980000001,382.731277499999976
23187151913,57615963@N06,Downtown Geneva,2016-10-06,2015-12-07,"1","1","629",,Apple,iPhone 6s,4.200000000000000,"0",116.203718699999996,387.153225799999973
23705526402,57615963@N06,Downtown Geneva,2016-10-06,2015-12-07,"1","1","752",,Apple,iPhone 6s,4.200000000000000,"0",265.615702499999998,403.347107400000027
22964851249,87282947@N06,Switzerland 2015,2016-10-06,2015-11-09,"1","1","692",,Apple,iPhone 6,4.200000000000000,"0",187.055658599999987,382.672413800000015
22745419417,95791142@N04,2015 Internet Freedom Fellow Mayor of Geneva June 2015 in Gneva and USA,2016-10-06,2015-06-17,"1","6","5643",,Apple,iPhone 5s,4.200000000000000,"0",218.565022400000004,379.943750000000023
23139571155,95791142@N04,2015 Internet Freedom Fellow June 2015 in Gneva and USA,2016-10-06,2015-06-17,"1","6","5692",,Apple,iPhone 5s,4.200000000000000,"0",140.601226999999994,389.039062500000000
22651176296,109580586@N06,Waiting for the tramway,2016-10-06,2015-11-01,"1","6","5635",,Apple,iPhone 6s,4.200000000000000,"0",12.281492999999999,403.000000000000000
22677186725,109580586@N06,Starbucks window,2016-10-06,2015-11-01,"1","6","5687",,Apple,iPhone 6s,4.200000000000000,"0",178.984455999999994,402.776785700000005
22408752365,81108486@N00,Exposition1897Bruxelles,2016-10-06,2015-10-22,"1","6","5747",,Apple,iPhone 6,4.200000000000000,"0",127.690987100000001,409.298850599999980
22216971869,81108486@N00,Passage_de_la_Monnaie_Cite_Geneve,2016-10-06,2015-10-22,"1","6","5640",,Apple,iPhone 6,4.200000000000000,"0",41.438538209999997,376.343750000000000
22215697790,81108486@N00,Place-Neuve_Geneve,2016-10-06,2015-10-22,"1","6","5628",,Apple,iPhone 6,4.200000000000000,"0",91.173728810000000,350.416748799999993
22377612846,81108486@N00,Quai-des-Eaux-Vives_Geneve,2016-10-06,2015-10-22,"1","6","5776",,Apple,iPhone 6,4.200000000000000,"0",122.327160500000005,385.839843799999983
21780840904,81108486@N00,Saint-Gervaix,2016-10-06,2015-10-22,"1","1","648",,Apple,iPhone 6,4.200000000000000,"0",12.963455150000000,349.232472299999984
18866983864,81108486@N00,"Grand Tour, Tripod-Bronze.8",2016-10-06,2015-06-30,"1","1","358",,Apple,iPhone 6,4.200000000000000,"0",345.884892100000002,398.017543900000021
19357827646,97342563@N06,,2016-10-06,2015-07-03,"1","1","268",,Apple,iPhone 6,4.200000000000000,"0",302.747422700000016,402.611764699999981
19196279010,97342563@N06,,2016-10-06,2015-07-03,"1","1","258",,Apple,iPhone 6,4.200000000000000,"0",281.939560400000005,403.000000000000000
18402089223,109580586@N06,Between sets,2016-10-06,2015-06-21,"1","1","483",,Apple,iPhone 5s,4.200000000000000,"0",287.426666699999998,395.288951800000007
18863607516,133335962@N03,Uni Genève,2016-10-06,2015-06-17,"1","1","384",,Apple,iPhone 5s,4.200000000000000,"0",327.632183899999973,395.048192799999981
18889848935,133335962@N03,Uni Genève,2016-10-06,2015-06-17,"1","1","267",,Apple + Pro HDR,iPhone,4.200000000000000,"0",14.196418580000000,402.004347800000005
18044425712,54385962@N03,Wise Old Men,2016-10-06,2015-04-05,"1","6","5348",,Canon,Canon EOS 7D Mark II,105.000000000000000,"0",20.000000000000000,402.100000000000023
27941061245,131571153@N07,,2016-10-06,2015-06-03,"1","8","7546",,Apple,iPhone 5s,4.100000000000000,"0",319.446096699999998,377.681372500000009
27937490795,131571153@N07,,2016-10-06,2015-06-03,"1","8","7728",,Apple,iPhone 5s,4.100000000000000,"0",356.019480499999986,375.486911000000021
26080934801,97901743@N08,IMG_1921,2016-10-06,2015-12-04,"1","2","1613",,Apple,iPhone 6,4.200000000000000,"0",254.936305699999991,390.274390200000028
25152247735,28223347@N00,Walking Geneva,2016-10-06,2015-08-11,"1","2","1684",,Apple,iPhone 6 Plus,4.200000000000000,"0",242.417582399999986,381.000000000000000
25125891456,28223347@N00,Evening in Geneva,2016-10-06,2015-08-11,"1","2","1523",,Apple,iPhone 6 Plus,4.200000000000000,"0",187.034482800000006,382.000000000000000
25033986082,28223347@N00,Sunset in Geneva,2016-10-06,2015-08-11,"1","2","1484",,Apple,iPhone 6 Plus,4.200000000000000,"0",111.931451600000003,372.000000000000000
24394315910,43701641@N03,Bike Racks in Geneva,2016-10-06,2015-12-23,"1","2","1606",,Apple,iPhone 5s,4.200000000000000,"0",25.278320310000002,394.789579199999991
24486334595,124712585@N02,www.caroline-crochet.ch / Vendu / possibilité de passer une commande via mon site internet par mail (bonnet pilote).,2016-10-06,2015-12-12,"1","2","1641",,Apple,iPhone 5c,4.100000000000000,"0",196.180232600000011,387.053763399999980
24403925431,124712585@N02,www.caroline-crochet.ch / Vendu / possibilité de passer une commande via mon site internet par mail (ref. 01 sac en feutrine),2016-10-06,2015-12-12,"1","2","1540",,Apple,iPhone 5c,4.100000000000000,"0",290.906914900000004,387.483516500000007
23859525783,124712585@N02,www.caroline-crochet.ch / Vendu / possibilité de passer une commande via mon site internet par mail (ref. 01 sac en feutrine),2016-10-06,2015-12-12,"1","2","1685",,Apple,iPhone 5c,4.100000000000000,"0",283.977477500000020,384.226415099999997
23428802343,52786697@N00,Night Chess,2016-10-06,2015-12-26,"1","6","5675",,Apple,iPhone 5s,4.200000000000000,"0",146.928176799999989,382.044117599999993
23893110792,52383292@N06,Genève-1567.jpg,2016-10-06,2015-12-17,"1","2","1600",,Jag.gr,PureShot for Apple iPhone 5s,4.200000000000000,"0",133.863799300000011,399.469879499999990
24001366055,52383292@N06,Genève-1566.jpg,2016-10-06,2015-12-17,"1","2","1507",,Jag.gr,PureShot for Apple iPhone 5s,4.200000000000000,"0",238.423880599999990,374.081760999999972
23633484009,52383292@N06,Genève-1564.jpg,2016-10-06,2015-12-17,"1","6","5765",,Jag.gr,PureShot for Apple iPhone 5s,4.200000000000000,"0",72.567857140000001,374.081760999999972
23332188103,8650698@N02,Genève 日內瓦,2016-10-06,2015-08-02,"1","6","5654",,Apple,iPhone 5s,4.100000000000000,"0",64.775700929999999,376.143459899999982
23932883406,8650698@N02,Genève 日內瓦,2016-10-06,2015-08-02,"1","2","1526",,Apple,iPhone 5s,4.100000000000000,"0",96.761682239999999,373.939393900000027
23330729604,8650698@N02,Genève 日內瓦,2016-10-06,2015-08-02,"1","6","5686",,Apple,iPhone 5s,4.100000000000000,"0",143.922928700000000,411.879032300000006
23332178973,8650698@N02,Genève 日內瓦,2016-10-06,2015-08-02,"1","2","1457",,Apple,iPhone 5s,4.100000000000000,"0",45.103641459999999,415.355704699999990
23876446701,8650698@N02,Genève 日內瓦,2016-10-06,2015-08-02,"1","6","5769",,Apple,iPhone 5s,4.100000000000000,"0",131.505464499999988,414.509259299999997
23932873716,8650698@N02,Genève 日內瓦,2016-10-06,2015-08-02,"1","2","1525",,Apple,iPhone 5s,4.100000000000000,"0",88.827027029999996,414.028248599999984
23958963085,8650698@N02,Genève 日內瓦,2016-10-06,2015-08-02,"1","2","1604",,Apple,iPhone 5s,4.100000000000000,"0",84.012106540000005,414.163934400000016
23591087329,8650698@N02,Genève 日內瓦,2016-10-06,2015-08-02,"1","6","5808",,Apple,iPhone 5s,4.100000000000000,"0",312.169696999999985,383.116504899999995
23876427871,8650698@N02,Genève 日內瓦,2016-10-06,2015-08-02,"1","2","1528",,Apple,iPhone 5s,4.100000000000000,"0",324.627118600000017,415.767772499999978
23958943485,8650698@N02,Genève 日內瓦,2016-10-06,2015-08-02,"1","2","1582",,Apple,iPhone 5s,4.100000000000000,"0",324.572326999999973,395.907562999999982
23850670252,8650698@N02,Genève 日內瓦,2016-10-06,2015-08-02,"1","2","1569",,Apple,iPhone 5s,4.100000000000000,"0",264.432203399999992,397.134328400000015
23591074839,8650698@N02,Genève 日內瓦,2016-10-06,2015-08-02,"1","2","1562",,Apple,iPhone 5s,4.100000000000000,"0",350.063218399999982,396.769230800000003
23663257260,8650698@N02,Genève 日內瓦,2016-10-06,2015-08-02,"1","6","5706",,Apple,iPhone 5s,4.100000000000000,"0",88.510440840000001,383.805309700000009
23332124173,8650698@N02,Genève 日內瓦,2016-10-06,2015-08-02,"1","2","1688",,Apple,iPhone 5s,4.100000000000000,"0",36.122802729999997,382.744360900000004
23591049509,8650698@N02,Genève 日內瓦,2016-10-06,2015-08-02,"1","2","1683",,Apple,iPhone 5s,4.100000000000000,"0",59.511873350000002,384.003636400000005
23850637482,8650698@N02,Genève 日內瓦,2016-10-06,2015-08-02,"1","2","1678",,Apple,iPhone 5s,4.100000000000000,"0",169.246376800000007,380.629870100000005
23591040849,8650698@N02,Genève 日內瓦,2016-10-06,2015-08-02,"1","6","5642",,Apple,iPhone 5s,4.100000000000000,"0",278.541899399999977,380.042944799999987
23663239270,8650698@N02,Genève 日內瓦,2016-10-06,2015-08-02,"1","6","5630",,Apple,iPhone 5s,4.100000000000000,"0",251.738938100000013,381.717791400000010
23932769376,8650698@N02,Genève 日內瓦,2016-10-06,2015-08-02,"1","6","5622",,Apple,iPhone 5s,4.100000000000000,"0",37.363647460000003,378.364102600000024
23876264791,8650698@N02,Genève 日內瓦,2016-10-06,2015-08-02,"1","2","1496",,Apple,iPhone 5s,4.100000000000000,"0",100.212776399999996,373.897196300000019
23331991543,8650698@N02,Genève 日內瓦,2016-10-06,2015-08-02,"1","6","5744",,Apple,iPhone 5s,4.100000000000000,"0",250.389380499999987,374.860294099999976
23330537204,8650698@N02,Genève 日內瓦,2016-10-06,2015-08-02,"1","2","1471",,Apple,iPhone 5s,4.100000000000000,"0",62.725067390000000,373.263736300000005
23590905529,8650698@N02,Genève 日內瓦,2016-10-06,2015-08-02,"1","6","5641",,Apple,iPhone 5s,4.100000000000000,"0",286.376106199999981,390.079069800000013
23876247241,8650698@N02,Genève 日內瓦,2016-10-06,2015-08-02,"1","2","1482",,Apple,iPhone 5s,4.100000000000000,"0",352.328767099999993,370.474940300000014
23876244901,8650698@N02,Genève 日內瓦,2016-10-06,2015-08-02,"1","6","5728",,Apple,iPhone 5s,4.100000000000000,"0",277.556391000000019,373.908256900000026
23850492052,8650698@N02,Genève 日內瓦,2016-10-06,2015-08-02,"1","6","5821",,Apple,iPhone 5s,4.100000000000000,"0",333.007812500000000,375.793650800000023
23850490532,8650698@N02,Genève 日內瓦,2016-10-06,2015-08-02,"1","6","5783",,Apple,iPhone 5s,4.100000000000000,"0",359.158536599999991,375.014705900000024
23932453556,8650698@N02,Genève 日內瓦,2016-10-06,2015-08-01,"1","2","1500",,Apple,iPhone 5s,4.100000000000000,"0",211.338235300000008,375.289772700000015
23958532805,8650698@N02,Genève 日內瓦,2016-10-06,2015-08-01,"1","6","5737",,Apple,iPhone 5s,4.100000000000000,"0",21.503579949999999,396.357723599999986
23330289704,8650698@N02,Genève 日內瓦,2016-10-06,2015-08-01,"1","2","1612",,Apple,iPhone 5s,4.100000000000000,"0",152.950836799999990,394.626168199999995
23958528005,8650698@N02,Genève 日內瓦,2016-10-06,2015-08-01,"1","2","1474",,Apple,iPhone 5s,4.100000000000000,"0",99.925423730000006,397.673758899999996
23662864450,8650698@N02,Genève 日內瓦,2016-10-06,2015-08-01,"1","2","1465",,Apple,iPhone 5s,4.100000000000000,"0",23.269957980000001,374.935779799999978
23590656619,8650698@N02,Genève 日內瓦,2016-10-06,2015-08-01,"1","2","1602",,Apple,iPhone 5s,4.100000000000000,"0",63.266816140000003,374.897959200000003
23590656249,8650698@N02,Genève 日內瓦,2016-10-06,2015-08-01,"1","6","5681",,Apple,iPhone 5s,4.100000000000000,"0",283.391509400000018,376.172727300000020
23876000891,8650698@N02,Genève 日內瓦,2016-10-06,2015-08-01,"1","2","1666",,Apple,iPhone 5s,4.100000000000000,"0",159.688311700000014,374.219178100000022
23331731243,8650698@N02,Genève 日內瓦,2016-10-06,2015-08-01,"1","6","5813",,Apple,iPhone 5s,4.100000000000000,"0",278.579268300000024,373.966824599999995
23330279314,8650698@N02,Genève 日內瓦,2016-10-06,2015-08-01,"1","6","5719",,Apple,iPhone 5s,4.100000000000000,"0",272.313380300000006,377.061728399999993
23850249242,8650698@N02,Genève 日內瓦,2016-10-06,2015-08-01,"1","6","5808",,Apple,iPhone 5s,4.100000000000000,"0",65.993769470000004,372.298136600000021
27662707040,131571153@N07,,2016-10-06,2015-06-04,"1","8","7371",,Apple,iPhone 5s,4.100000000000000,"0",256.784037599999976,397.239436599999976
24061665744,43701641@N03,Breakfast at Nate & Kate s,2016-10-06,2015-12-23,"1","2","1673",,Apple,iPhone 5s,4.200000000000000,"0",299.260833300000002,383.621621600000026
23332007743,8650698@N02,Genève 日內瓦,2016-10-06,2015-08-03,"1","6","5623",,Apple,iPhone 5s,4.100000000000000,"0",58.597989949999999,392.694444400000009
23876024281,8650698@N02,Genève 日內瓦,2016-10-06,2015-08-01,"1","6","5692",,Apple,iPhone 5s,4.100000000000000,"0",193.650442499999997,394.473684199999980
23731490621,57615963@N06,Downtown Geneva,2016-10-06,2015-12-07,"1","6","5791",,Apple,iPhone 6s,4.200000000000000,"0",58.777408639999997,389.407894699999986
23705525362,57615963@N06,Downtown Geneva,2016-10-06,2015-12-07,"1","1","592",,Apple,iPhone 6s,4.200000000000000,"0",7.155182073000000,392.028653299999974
23731489631,57615963@N06,Downtown Geneva,2016-10-06,2015-12-07,"1","6","5644",,Apple,iPhone 6s,4.200000000000000,"0",225.469072199999999,390.580785999999989
23787845886,57615963@N06,Downtown Geneva,2016-10-06,2015-12-07,"1","1","585",,Apple,iPhone 6s,4.200000000000000,"0",160.409420299999994,390.559633000000019
23187148373,57615963@N06,Downtown Geneva,2016-10-06,2015-12-07,"1","1","723",,Apple,iPhone 6s,4.200000000000000,"0",168.738636399999990,390.176724100000001
21923924861,13042951@N00,787europa,2016-10-06,2015-07-03,"1","1","675",,Apple,iPhone 4S,4.300000000000000,"0",262.884892100000002,417.000000000000000
21291466344,13042951@N00,802europa,2016-10-06,2015-07-04,"1","6","5686",,Apple,iPhone 4S,4.300000000000000,"0",74.996794870000002,417.000000000000000
21923909661,13042951@N00,806europa,2016-10-06,2015-07-04,"1","1","718",,Apple,iPhone 4S,4.300000000000000,"0",173.708791200000007,417.000000000000000
20949820898,49646628@N00,,2016-10-06,2015-09-04,"1","6","5794",,Apple,iPhone 4S,4.300000000000000,"0",300.475409800000023,436.000000000000000
27330979333,131571153@N07,,2016-10-06,2015-06-03,"1","8","7127",,Apple,iPhone 5s,4.100000000000000,"0",2.599440117000000,423.719696999999996
27331312094,131571153@N07,,2016-10-06,2015-06-03,"1","8","7231",,Apple,iPhone 5s,4.100000000000000,"0",260.049132900000018,410.740113000000008
27865816411,131571153@N07,,2016-10-06,2015-06-03,"1","8","7408",,Apple,iPhone 5s,4.100000000000000,"0",97.584946239999994,421.732142899999985
27328209743,131571153@N07,,2016-10-06,2015-06-03,"1","8","7241",,Apple,iPhone 5s,4.100000000000000,"0",196.078740199999999,419.392307700000003
27861842521,131571153@N07,,2016-10-06,2015-06-03,"1","8","7076",,Apple,iPhone 5s,4.100000000000000,"0",141.250401299999993,419.675126900000009
23940101675,96818645@N04,,2016-10-06,2015-05-08,"1","2","1474",,Apple,iPhone 6,4.200000000000000,"0",220.003846199999998,414.439024399999994
23857470221,96818645@N04,,2016-10-06,2015-05-08,"1","6","5673",,Apple,iPhone 6,4.200000000000000,"0",346.850515499999972,416.538359800000023
23187147883,57615963@N06,Downtown Geneva,2016-10-06,2015-12-07,"1","1","597",,Apple,iPhone 6s,4.200000000000000,"0",264.372881399999983,387.513513499999988
23518254800,57615963@N06,Downtown Geneva,2016-10-06,2015-12-07,"1","1","603",,Apple,iPhone 6s,4.200000000000000,"0",153.846890000000002,385.934782600000005
23445980119,57615963@N06,Downtown Geneva,2016-10-06,2015-12-07,"1","6","5741",,Apple,iPhone 6s,4.200000000000000,"0",280.934482800000012,384.868055599999991
23445979449,57615963@N06,Downtown Geneva,2016-10-06,2015-12-07,"1","6","5712",,Apple,iPhone 6s,4.200000000000000,"0",294.563535899999977,384.832116799999994
23187144053,57615963@N06,Downtown Geneva,2016-10-06,2015-12-07,"1","1","685",,Apple,iPhone 6s,4.200000000000000,"0",268.826625400000012,384.668789800000013
23731483461,57615963@N06,WTO in Geneva,2016-10-06,2015-12-07,"1","6","5743",,Apple,iPhone 6s,4.200000000000000,"0",348.508928599999990,385.664122099999986
23185813744,57615963@N06,WTO in Geneva,2016-10-06,2015-12-07,"1","6","5720",,Apple,iPhone 6s,4.200000000000000,"0",77.407317070000005,384.185840700000028
23813934555,57615963@N06,WTO in Geneva,2016-10-06,2015-12-07,"1","6","5828",,Apple,iPhone 6s,4.200000000000000,"0",23.063596489999998,384.194915299999991
23787837976,57615963@N06,WTO in Geneva,2016-10-06,2015-12-07,"1","1","636",,Apple,iPhone 6s,4.200000000000000,"0",71.238193019999997,415.343612300000018
23813933025,57615963@N06,WTO in Geneva,2016-10-06,2015-12-07,"1","1","748",,Apple,iPhone 6s,4.200000000000000,"0",91.945288750000003,424.852380999999980
23445974969,57615963@N06,Geneva Botanical Gardens,2016-10-06,2015-12-07,"1","1","733",,Apple,iPhone 6s,4.200000000000000,"0",62.998870060000002,404.079646000000025
23518247540,57615963@N06,Geneva Botanical Gardens,2016-10-06,2015-12-07,"1","1","756",,Apple,iPhone 6s,4.200000000000000,"0",69.333221359999996,415.000000000000000
23813930665,57615963@N06,Geneva Botanical Gardens,2016-10-06,2015-12-07,"1","1","733",,Apple,iPhone 6s,4.200000000000000,"0",48.559420289999998,382.546729000000028
23445972649,57615963@N06,Geneva Botanical Gardens,2016-10-06,2015-12-07,"1","1","762",,Apple,iPhone 6s,4.200000000000000,"0",28.035398229999998,384.159574500000019
23185806914,57615963@N06,Geneva Botanical Gardens,2016-10-06,2015-12-07,"1","1","723",,Apple,iPhone 6s,4.200000000000000,"0",280.958677700000010,383.319526600000017
23813927685,57615963@N06,Geneva Botanical Gardens,2016-10-06,2015-12-07,"1","1","659",,Apple,iPhone 6s,4.200000000000000,"0",302.101408499999991,383.140350899999987
23185805214,57615963@N06,Geneva Botanical Gardens,2016-10-06,2015-12-07,"1","6","5696",,Apple,iPhone 6s,4.200000000000000,"0",109.818493200000006,386.865248199999996
23518242500,57615963@N06,Geneva Botanical Gardens,2016-10-06,2015-12-07,"1","6","5709",,Apple,iPhone 6s,4.200000000000000,"0",159.341269799999992,387.640102800000022
23187133033,57615963@N06,Geneva Botanical Gardens,2016-10-06,2015-12-07,"1","6","5750",,Apple,iPhone 6s,4.200000000000000,"0",16.387604069999998,390.055118100000016
23518240100,57615963@N06,Geneva Botanical Gardens,2016-10-06,2015-12-07,"1","1","731",,Apple,iPhone 6s,4.200000000000000,"0",74.039106149999995,394.260563400000024
23187130923,57615963@N06,Geneva Botanical Gardens,2016-10-06,2015-12-07,"1","1","626",,Apple,iPhone 6s,4.200000000000000,"0",51.997619049999997,392.724085399999979
23185800144,57615963@N06,Geneva Botanical Gardens,2016-10-06,2015-12-07,"1","1","751",,Apple,iPhone 6s,4.200000000000000,"0",14.560790270000000,392.775280899999984
23185799214,57615963@N06,Geneva Botanical Gardens,2016-10-06,2015-12-07,"1","6","5764",,Apple,iPhone 6s,4.200000000000000,"0",30.873170729999998,395.392757700000004
23445963609,57615963@N06,TEDGlobal>Geneva,2016-10-06,2015-12-07,"1","1","756",,Apple,iPhone 6s,4.200000000000000,"0",104.065671600000002,394.202702699999975
23445963299,57615963@N06,TEDGlobal>Geneva,2016-10-06,2015-12-07,"1","1","677",,Apple,iPhone 6s,4.200000000000000,"0",154.902343800000011,408.312377200000014
23187126943,57615963@N06,TEDGlobal>Geneva,2016-10-06,2015-12-07,"1","6","5792",,Apple,iPhone 6s,4.200000000000000,"0",213.183574899999996,408.134751800000004
23705501752,57615963@N06,TEDGlobal>Geneva,2016-10-06,2015-12-07,"1","6","5691",,Apple,iPhone 6s,4.200000000000000,"0",228.280821900000007,408.718592999999998
23518233420,57615963@N06,TEDGlobal>Geneva,2016-10-06,2015-12-07,"1","1","661",,Apple,iPhone 6s,4.200000000000000,"0",319.492592600000023,408.525974000000019
23705500232,57615963@N06,TEDGlobal>Geneva,2016-10-06,2015-12-07,"1","6","5715",,Apple,iPhone 6s,4.200000000000000,"0",3.235748219000000,407.580562699999973
23185793154,57615963@N06,TEDGlobal>Geneva,2016-10-06,2015-12-07,"1","1","734",,Apple,iPhone 6s,4.200000000000000,"0",197.528273799999994,407.580562699999973
23445957449,57615963@N06,TEDGlobal>Geneva,2016-10-06,2015-12-07,"1","1","598",,Apple,iPhone 6s,4.200000000000000,"0",316.958466499999986,408.238636400000019
23518230080,57615963@N06,TEDGlobal>Geneva,2016-10-06,2015-12-07,"1","1","636",,Apple,iPhone 6s,4.200000000000000,"0",317.981171500000016,408.238636400000019
23185791654,57615963@N06,TEDGlobal>Geneva,2016-10-06,2015-12-07,"1","6","5651",,Apple,iPhone 6s,4.200000000000000,"0",312.430894299999977,404.010416700000007
23787817756,57615963@N06,TEDGlobal>Geneva,2016-10-06,2015-12-07,"1","6","5831",,Apple,iPhone 6s,4.200000000000000,"0",67.525787969999996,404.010416700000007
23787815426,57615963@N06,TEDGlobal>Geneva,2016-10-06,2015-12-07,"1","6","5631",,Apple,iPhone 6s,4.200000000000000,"0",72.989561589999994,404.010416700000007
23787815006,57615963@N06,TEDGlobal>Geneva,2016-10-06,2015-12-07,"1","1","707",,Apple,iPhone 6s,4.200000000000000,"0",332.193069299999991,404.010416700000007
23787814606,57615963@N06,TEDGlobal>Geneva,2016-10-06,2015-12-07,"1","1","753",,Apple,iPhone 6s,4.200000000000000,"0",324.719008299999985,404.010416700000007
23731457471,57615963@N06,TEDGlobal>Geneva,2016-10-06,2015-12-07,"1","6","5738",,Apple,iPhone 6s,4.200000000000000,"0",242.737752199999989,404.010416700000007
23445951729,57615963@N06,TEDGlobal>Geneva,2016-10-06,2015-12-07,"1","6","5807",,Apple,iPhone 6s,4.200000000000000,"0",12.966981130000001,404.010416700000007
23445950369,57615963@N06,TEDGlobal>Geneva,2016-10-06,2015-12-07,"1","6","5658",,Apple,iPhone 6s,4.200000000000000,"0",314.066772700000001,401.372262799999987
23445949639,57615963@N06,TEDGlobal>Geneva,2016-10-06,2015-12-07,"1","1","604",,Apple,iPhone 6s,4.200000000000000,"0",31.599118940000000,401.372262799999987
23445948489,57615963@N06,TEDGlobal>Geneva,2016-10-06,2015-12-07,"1","1","701",,Apple,iPhone 6s,4.200000000000000,"0",171.023554600000011,403.961240299999986
23731453341,57615963@N06,TEDGlobal>Geneva,2016-10-06,2015-12-07,"1","1","761",,Apple,iPhone 6s,4.200000000000000,"0",321.953270999999972,403.961240299999986
23187113903,57615963@N06,TEDGlobal>Geneva,2016-10-06,2015-12-07,"1","1","645",,Apple,iPhone 6s,2.700000000000000,"0",215.154838699999999,403.854092499999979
23185782244,57615963@N06,TEDGlobal>Geneva,2016-10-06,2015-12-07,"1","1","753",,Apple,iPhone 6s,4.200000000000000,"0",342.371621600000026,404.615444599999989
23185781674,57615963@N06,TEDGlobal>Geneva,2016-10-06,2015-12-07,"1","6","5801",,Apple,iPhone 6s,4.200000000000000,"0",5.953582240000000,404.182352900000012
23813903005,57615963@N06,TEDGlobal>Geneva,2016-10-06,2015-12-07,"1","6","5664",,Apple,iPhone 6s,4.200000000000000,"0",344.480263200000024,405.176870699999995
23787807666,57615963@N06,TEDGlobal>Geneva,2016-10-06,2015-12-07,"1","1","628",,Apple,iPhone 6s,4.200000000000000,"0",341.306859200000019,405.142909999999972
23787807166,57615963@N06,TEDGlobal>Geneva,2016-10-06,2015-12-07,"1","1","676",,Apple,iPhone 6s,4.200000000000000,"0",331.403614500000003,420.987878799999976
23187111053,57615963@N06,TEDGlobal>Geneva,2016-10-06,2015-12-07,"1","1","605",,Apple,iPhone 6s,4.200000000000000,"0",12.164062500000000,404.869918700000028
23705482192,57615963@N06,TEDGlobal>Geneva,2016-10-06,2015-12-07,"1","6","5816",,Apple,iPhone 6s,4.200000000000000,"0",263.945578200000000,405.904761899999983
23187107633,57615963@N06,TEDGlobal>Geneva,2016-10-06,2015-12-07,"1","6","5682",,Apple,iPhone 6s,4.200000000000000,"0",217.743902399999996,401.074534200000016
23185774464,57615963@N06,TEDGlobal>Geneva,2016-10-06,2015-12-07,"1","6","5798",,Apple,iPhone 6s,4.200000000000000,"0",175.431095400000004,401.132596700000022
23731443331,57615963@N06,TEDGlobal>Geneva,2016-10-06,2015-12-07,"1","1","726",,Apple,iPhone 6s,4.200000000000000,"0",220.701923099999988,401.553125000000023
23705477632,57615963@N06,TEDGlobal>Geneva,2016-10-06,2015-12-07,"1","1","671",,Apple,iPhone 6s,4.200000000000000,"0",28.297270959999999,401.039682500000026
23787797516,57615963@N06,TEDGlobal>Geneva,2016-10-06,2015-12-07,"1","1","744",,Apple,iPhone 6s,4.200000000000000,"0",197.286307099999988,401.235474000000011
23731439371,57615963@N06,TEDGlobal>Geneva,2016-10-06,2015-12-07,"1","1","674",,Apple,iPhone 6s,4.200000000000000,"0",234.316546799999998,401.094936700000005
23518206730,57615963@N06,TEDGlobal>Geneva,2016-10-06,2015-12-07,"1","6","5697",,Apple,iPhone 6s,4.200000000000000,"0",169.814070399999991,403.219298200000026
23116925523,96818645@N04,,2016-10-06,2015-05-08,"1","1","769",,Apple,iPhone 6,4.200000000000000,"0",275.808539900000028,418.000000000000000
21822056318,101212512@N07,IMG_3281,2016-10-06,2015-09-22,"1","6","5835",,Apple,iPhone 5,4.100000000000000,"0",319.684931500000005,356.930555599999991
21663879512,86813892@N00,Making tracks for Geneva,2016-10-06,2015-09-23,"1","6","5796",,Apple,iPhone 4S,4.300000000000000,"0",318.866525400000000,392.000000000000000
20280329744,89767536@N00,,2016-10-06,2015-08-26,"1","6","5698",,Apple,iPhone 5s,4.200000000000000,"0",109.257668699999996,420.000000000000000
20902918865,89767536@N00,,2016-10-06,2015-08-26,"1","1","628",,Apple,iPhone 5s,4.200000000000000,"0",105.734767000000005,420.000000000000000
20280326034,89767536@N00,,2016-10-06,2015-08-26,"1","1","695",,Apple,iPhone 5s,4.200000000000000,"0",108.919075100000001,420.000000000000000
20910196981,89767536@N00,,2016-10-06,2015-08-26,"1","1","732",,Apple,iPhone 5s,4.200000000000000,"0",107.074003800000000,420.000000000000000
20714835390,89767536@N00,,2016-10-06,2015-08-26,"1","1","572",,Apple,iPhone 5s,4.200000000000000,"0",239.065116300000000,418.500000000000000
20714919068,89767536@N00,,2016-10-06,2015-08-26,"1","6","5785",,Apple,iPhone 5s,4.200000000000000,"0",338.690565999999990,418.500000000000000
20055228714,22129862@N06,,2016-10-06,2015-08-13,"1","6","5740",,Apple,iPhone 5s,4.200000000000000,"0",231.542713600000013,388.435810800000013
19945498353,25900134@N03,Side event on Use of Cluster Munitions since September 2014 ©CMC,2016-10-06,2015-06-22,"1","6","5666",,Apple,iPhone 5c,4.100000000000000,"0",56.441711230000003,389.813291100000015
19809427071,95746458@N04,,2016-10-06,2015-07-16,"1","1","399",,Apple,iPhone 4S,4.300000000000000,"0",119.409240900000000,404.000000000000000
18862036419,131571153@N07,United nations,2016-10-06,2015-06-03,"1","1","546",,Apple,iPhone 5s,4.100000000000000,"0",33.851851850000003,419.182608700000003
18272229692,31871027@N06,Geneva,2016-10-06,2015-05-29,"1","9","8779",,Apple,iPhone 5s,4.200000000000000,"0",289.800847499999975,421.638655500000027
17653382074,31871027@N06,Geneva,2016-10-06,2015-05-29,"1","8","7736",,Apple,iPhone 5s,4.200000000000000,"0",323.240310099999988,390.093117399999983
18088249510,31871027@N06,Geneva,2016-10-06,2015-05-29,"1","8","7735",,Apple,iPhone 5s,4.200000000000000,"0",294.349862299999984,421.638655500000027
23643592971,136390089@N08,Ancienne caisse enregistreuse,2016-10-06,1900-01-01,"1","6","5835",,Apple,iPhone 6,4.200000000000000,"0",356.527397300000018,396.451807200000019
22703721729,52383292@N06,Geneve-1512.jpg,2016-10-06,2015-09-30,"1","6","5758",,Jag.gr,PureShot for Apple iPhone 5s,4.200000000000000,"0",48.360258479999999,411.582914599999981
22943899525,12759743@N07,2015 11 11 Musée des Arts Geneve 4,2016-10-06,2015-11-11,"1","6","5817",,archos,Archos 50 Diamond,4.900000000000000,"0",117.000000000000000,0.000000000000000
22321150964,12759743@N07,2015 11 11 Musée des Arts Geneve 2,2016-10-06,2015-11-11,"1","1","591",,archos,Archos 50 Diamond,4.900000000000000,"0",294.000000000000000,0.000000000000000
22943876485,12759743@N07,2015 11 11 Musée des Arts Geneve 3,2016-10-06,2015-11-11,"1","6","5762",,archos,Archos 50 Diamond,4.900000000000000,"0",259.000000000000000,0.000000000000000
22930457582,12759743@N07,2015 11 11 Musée des Arts Geneve 1,2016-10-06,2015-11-11,"1","6","5812",,archos,Archos 50 Diamond,4.900000000000000,"0",269.000000000000000,0.000000000000000
20897134952,97437142@N02,,2016-10-06,2015-06-15,"1","6","5626",,Apple,iPhone 6 Plus,4.200000000000000,"0",257.781350499999974,402.928104599999983
20897134732,97437142@N02,,2016-10-06,2015-06-15,"1","1","597",,Apple,iPhone 6 Plus,4.200000000000000,"0",294.839285700000005,398.474074099999996
20285823803,97437142@N02,,2016-10-06,2015-06-15,"1","6","5660",,Apple,iPhone 6 Plus,4.200000000000000,"0",237.260162600000001,402.219354800000019
20284257294,97437142@N02,,2016-10-06,2015-06-15,"1","6","5624",,Apple,iPhone 6 Plus,4.200000000000000,"0",241.548717900000014,402.549815500000022
20906843635,97437142@N02,,2016-10-06,2015-06-15,"1","1","767",,Apple,iPhone 6 Plus,4.200000000000000,"0",217.218354400000010,402.161228400000027
20284254664,97437142@N02,,2016-10-06,2015-06-15,"1","1","764",,Apple,iPhone 6 Plus,4.200000000000000,"0",257.837988800000005,402.189265499999976
20718792500,97437142@N02,,2016-10-06,2015-06-15,"1","6","5744",,Apple,iPhone 6 Plus,4.200000000000000,"0",9.593932322000001,401.757812500000000
20718790970,97437142@N02,,2016-10-06,2015-06-15,"1","6","5757",,Apple,iPhone 6 Plus,4.200000000000000,"0",331.402877699999976,402.305676899999980
20718789830,97437142@N02,,2016-10-06,2015-06-15,"1","1","772",,Apple,iPhone 6 Plus,4.200000000000000,"0",4.473998805000000,403.095056999999997
20718882108,97437142@N02,,2016-10-06,2015-06-15,"1","6","5626",,Apple,iPhone 6 Plus,4.200000000000000,"0",333.763052200000004,405.677852299999984
20718879958,97437142@N02,,2016-10-06,2015-06-15,"1","6","5734",,Apple,iPhone 6 Plus,4.200000000000000,"0",339.345864699999993,405.677852299999984
20718787190,97437142@N02,,2016-10-06,2015-06-15,"1","6","5648",,Apple,iPhone 6 Plus,4.200000000000000,"0",22.308714920000000,406.328859099999988
20906834845,97437142@N02,,2016-10-06,2015-06-15,"1","1","690",,Apple,iPhone 6 Plus,4.200000000000000,"0",287.533950600000026,405.707547200000022
20029652075,52383292@N06,Genève-1384.jpg,2016-10-06,2015-07-16,"1","1","359",,Jag.gr,PureShot for Apple iPhone 5s,4.200000000000000,"0",66.404891300000003,404.439814800000022
16634008035,67419522@N04,"Pauvre cannette, là, abandonnée...",2016-10-06,2015-02-24,"1","9","8604",,Apple,iPhone 6,4.200000000000000,"0",138.631645600000013,412.612069000000020
16632877431,67419522@N04,"Sunny Time, let s chill in the park",2016-10-06,2015-02-24,"1","9","8613",,Apple,iPhone 6,4.200000000000000,"0",121.930379700000003,414.549738199999979
22920639696,109580586@N06,Target,2016-10-06,2015-11-11,"1","1","680",,Apple,iPhone 6s,4.200000000000000,"0",288.586826299999984,393.766423400000008
28334836471,131571153@N07,,2016-10-06,2015-06-02,"1","9","8894",,Apple,iPhone 5s,4.100000000000000,"0",183.836538499999989,378.764872500000024
26835805353,105550854@N05,,2016-10-06,2015-08-23,"1","8","7427",,Apple,iPhone 6 Plus,4.200000000000000,"0",128.869458100000003,373.505618000000027
27391488276,105550854@N05,,2016-10-06,2015-08-23,"1","8","7057",,Apple,iPhone 6 Plus,4.200000000000000,"0",203.984455999999994,375.688796700000012
27146314530,105550854@N05,,2016-10-06,2015-08-23,"1","8","7682",,Apple,iPhone 6 Plus,4.200000000000000,"0",202.887005600000009,375.929687500000000
27335194201,105550854@N05,,2016-10-06,2015-08-23,"1","8","7128",,Apple,iPhone 6 Plus,4.200000000000000,"0",195.355592699999988,375.341269800000020
27388317215,105550854@N05,,2016-10-06,2015-08-23,"1","8","7390",,Apple,iPhone 6 Plus,4.200000000000000,"0",139.680180199999995,374.915493000000026
27354605216,105550854@N05,,2016-10-06,2015-08-23,"1","8","7199",,Apple,iPhone 6 Plus,4.200000000000000,"0",130.346534700000007,374.552147199999979
25874412550,97901743@N08,IMG_2063,2016-10-06,2015-12-12,"1","2","1667",,Apple,iPhone 6,4.200000000000000,"0",231.213333299999988,371.000000000000000
23861366333,45681714@N03,Magnifique,2016-10-06,2015-12-24,"1","2","1468",,Apple,iPhone 6s,4.200000000000000,"0",129.441047999999995,373.918518500000005
23500673663,130515286@N07,Crispy cold Geneva,2016-10-06,2015-01-02,"1","6","5804",,Apple,iPhone 4S,4.300000000000000,"0",312.101167299999986,375.000000000000000
23374557593,52383292@N06,Genève-1588.jpg,2016-10-06,2015-12-25,"1","2","1680",,Apple,iPhone 5s,4.200000000000000,"0",168.466386599999993,382.343283600000007
23958961615,8650698@N02,Genève 日內瓦,2016-10-06,2015-08-02,"1","6","5801",,Apple,iPhone 5s,4.100000000000000,"0",81.913151360000001,381.948339499999975
23876436331,8650698@N02,Genève 日內瓦,2016-10-06,2015-08-02,"1","2","1629",,Apple,iPhone 5s,4.100000000000000,"0",176.001267399999989,391.232258100000024
23663195360,8650698@N02,Genève 日內瓦,2016-10-06,2015-08-02,"1","2","1600",,Apple,iPhone 5s,4.100000000000000,"0",15.852601160000001,375.924369700000000
23590986869,8650698@N02,Genève 日內瓦,2016-10-06,2015-08-02,"1","2","1517",,Apple,iPhone 5s,4.100000000000000,"0",339.656410300000005,374.457249100000013
23590982629,8650698@N02,Genève 日內瓦,2016-10-06,2015-08-02,"1","2","1692",,Apple,iPhone 5s,4.100000000000000,"0",212.497005999999999,374.400662300000022
23876319651,8650698@N02,Genève 日內瓦,2016-10-06,2015-08-02,"1","6","5662",,Apple,iPhone 5s,4.100000000000000,"0",86.503597119999995,375.343653300000028
23850564242,8650698@N02,Genève 日內瓦,2016-10-06,2015-08-02,"1","6","5689",,Apple,iPhone 5s,4.100000000000000,"0",320.067307700000015,374.956446000000028
23850561892,8650698@N02,Genève 日內瓦,2016-10-06,2015-08-02,"1","6","5690",,Apple,iPhone 5s,4.100000000000000,"0",63.937037040000000,376.994949500000018
23590966169,8650698@N02,Genève 日內瓦,2016-10-06,2015-08-02,"1","6","5755",,Apple,iPhone 5s,4.100000000000000,"0",150.072243299999997,376.565022399999975
23850555232,8650698@N02,Genève 日內瓦,2016-10-06,2015-08-02,"1","6","5759",,Apple,iPhone 5s,4.100000000000000,"0",162.060728699999999,375.719178100000022
23590958119,8650698@N02,Genève 日內瓦,2016-10-06,2015-08-02,"1","2","1651",,Apple,iPhone 5s,4.100000000000000,"0",348.123376599999972,374.848484799999994
23332028113,8650698@N02,Genève 日內瓦,2016-10-06,2015-08-02,"1","6","5808",,Apple,iPhone 5s,4.100000000000000,"0",43.459102899999998,373.872340399999985
23850542962,8650698@N02,Genève 日內瓦,2016-10-06,2015-08-02,"1","6","5732",,Apple,iPhone 5s,4.100000000000000,"0",13.126861560000000,400.755319100000008
23850538412,8650698@N02,Genève 日內瓦,2016-10-06,2015-08-02,"1","2","1683",,Apple,iPhone 5s,4.100000000000000,"0",273.232638899999984,373.280120500000010
23876285641,8650698@N02,Genève 日內瓦,2016-10-06,2015-08-02,"1","2","1711",,Apple,iPhone 5s,4.100000000000000,"0",327.973684199999980,376.557333299999982
23786844246,138093255@N05,IMG_8420,2016-10-06,2015-12-17,"1","1","763",,Apple,iPhone 6,4.200000000000000,"0",66.645308920000005,377.285483899999974
23729828641,138093255@N05,IMG_8417,2016-10-06,2015-12-17,"1","6","5798",,Apple,iPhone 6,4.200000000000000,"0",131.722117200000014,372.898437500000000
22964122074,87282947@N06,Switzerland 2015,2016-10-06,2015-11-10,"1","1","650",,Apple,iPhone 6,4.200000000000000,"0",173.178988299999986,365.795081999999979
23331846815,87282947@N06,Switzerland 2015,2016-10-06,2015-11-10,"1","6","5680",,Apple,iPhone 6,4.200000000000000,"0",316.020689699999991,371.268722500000024
23317113545,52237543@N08,Zimtu Roadtrip 2015 | Geneva | Swissotel Metropole Hotel |,2016-10-06,2015-11-09,"1","1","779",,Apple,iPhone 5,4.100000000000000,"0",109.768115899999998,377.628378399999974
23291010456,52237543@N08,"Zimtu Roadtrip 2015 | Geneva, Switzerland |",2016-10-06,2015-11-09,"1","1","608",,Apple,iPhone 5,4.100000000000000,"0",107.623966899999999,377.628378399999974
22473224474,52383292@N06,Geneve-1548.jpg,2016-10-06,2015-11-15,"1","6","5690",,Jag.gr,PureShot for Apple iPhone 5s,4.200000000000000,"0",94.694029850000007,373.413533799999982
22982883081,77193386@N05,,2016-10-06,2015-03-31,"1","1","655",,Apple,iPhone 6,4.200000000000000,"0",158.296551700000009,375.399999999999977
22971626485,77193386@N05,,2016-10-06,2015-01-20,"1","1","619",,Apple,iPhone 6,4.200000000000000,"0",303.714508599999988,374.800000000000011
22783590050,77193386@N05,,2016-10-06,2015-01-20,"1","1","740",,Apple,iPhone 6,4.200000000000000,"0",68.931899639999997,380.000000000000000
22971624495,77193386@N05,,2016-10-06,2015-01-20,"1","1","576",,Apple,iPhone 6,4.200000000000000,"0",159.486666700000001,379.699999999999989
22553303298,77193386@N05,,2016-10-06,2015-01-20,"1","1","692",,Apple,iPhone 6,4.200000000000000,"0",152.947058800000008,387.699999999999989
23940059095,96818645@N04,,2016-10-06,2015-05-07,"1","6","5621",,Apple,iPhone 6,4.200000000000000,"0",330.264462799999990,376.187096800000006
23185817524,57615963@N06,Downtown Geneva,2016-10-06,2015-12-07,"1","6","5697",,Apple,iPhone 6s,4.200000000000000,"0",293.556603800000005,383.613545799999997
23375500309,96818645@N04,,2016-10-06,2015-05-07,"1","6","5819",,Apple,iPhone 6,4.200000000000000,"0",34.270294380000003,375.446428599999990
23116062613,96818645@N04,,2016-10-06,2015-05-07,"1","1","594",,Apple,iPhone 6,4.200000000000000,"0",326.835442999999998,374.830882400000007
23589932951,91232066@N08,Geneva Lakefront,2016-10-06,2015-12-11,"1","6","5773",,Apple,iPhone 6s Plus,4.200000000000000,"0",3.592175777000000,378.242424200000016
23195308782,138093255@N05,IMG_7733,2016-10-06,2015-09-17,"1","6","5716",,Apple,iPhone 5,4.100000000000000,"0",128.194736799999987,373.149019599999974
23221007331,138093255@N05,IMG_7736,2016-10-06,2015-09-17,"1","6","5754",,Apple,iPhone 5,4.100000000000000,"0",167.842794800000007,373.389705900000024
22612606874,45192101@N04,EØS/EU-minister Vidar Helgesen ledet EFTAs ministermøte i Genève 23. november.,2016-10-06,2015-11-23,"1","6","5756",,Apple,iPhone 6,4.200000000000000,"0",356.771386399999983,383.620253199999979
22332176840,57649679@N03,Sore hari di Geneva,2016-10-06,2015-10-27,"1","6","5661",,Apple,iPad 2,2.000000000000000,"0",236.489959800000008,378.953781499999991
21970899870,9497473@N03,Geneva - 090 La Perle du Lac,2016-10-06,2015-10-12,"1","6","5759",,Apple,iPhone 6 Plus,4.200000000000000,"0",122.568651299999999,383.000000000000000
22066542416,109580586@N06,Give me a hand,2016-10-06,2015-10-11,"1","6","5713",,Apple,iPhone 6s,4.200000000000000,"0",164.182767600000005,372.447115399999973
21727286499,13042951@N00,855europa,2016-10-06,2015-07-05,"1","6","5642",,Apple,iPhone 4S,4.300000000000000,"0",165.136929500000008,352.000000000000000
21815636841,127261636@N08,,2016-10-06,2015-09-29,"1","1","584",,Apple,iPhone 6,4.200000000000000,"0",181.625531899999999,375.408163300000012
21038543278,127623444@N04,On the Road 1 - 15VIII,2016-10-06,2015-08-16,"1","6","5660",,Apple,iPhone 6,4.200000000000000,"0",54.845714289999997,373.281609199999991
19935845073,69108079@N07,,2016-10-06,2015-07-31,"1","6","5704",,Apple,iPhone 5s,4.200000000000000,"0",319.932692299999985,376.552763799999980
19800149278,109580586@N06,Coffee in the sunrise,2016-10-06,2015-07-25,"1","4","3666",,Apple,iPhone 5s,4.200000000000000,"0",343.829787199999998,378.471999999999980
18819933989,127261636@N08,,2016-10-06,2015-06-13,"1","1","370",,Apple,iPhone 6,4.200000000000000,"0",250.777506100000011,375.031914900000004
19001554225,127261636@N08,,2016-10-06,2015-05-04,"1","1","420",,Apple,iPhone 6,4.200000000000000,"0",342.998702999999978,387.334231799999998
18813807729,127261636@N08,,2016-10-06,2015-05-04,"1","1","382",,Apple,iPhone 6,4.200000000000000,"0",246.389261699999992,378.919642899999985
18769566870,11801444@N03,Geneva,2016-10-06,2015-05-27,"1","1","500",,Apple,iPad Air 2,3.300000000000000,"0",76.980530970000004,398.000000000000000
18858987886,78766541@N05,Sunrise in Geneva,2016-10-06,2015-04-20,"1","6","5346",,Apple,iPhone 5s,4.200000000000000,"0",262.039062500000000,376.061068700000021
18697522748,78766541@N05,Sunrise,2016-10-06,2015-04-20,"1","1","437",,Apple,iPhone 5s,4.200000000000000,"0",134.698181799999986,375.772277200000019
18088192098,31871027@N06,Geneva,2016-10-06,2015-05-29,"1","8","7771",,Apple,iPhone 5s,4.200000000000000,"0",31.900360140000000,401.475247500000023
18276006305,31871027@N06,Geneva,2016-10-06,2015-05-29,"1","9","8824",,Apple,iPhone 5s,4.200000000000000,"0",31.670560750000000,383.683501700000022
17653397384,31871027@N06,Geneva,2016-10-06,2015-05-29,"1","9","8875",,Apple,iPhone 5s,4.200000000000000,"0",27.221238939999999,383.683501700000022
17653328694,31871027@N06,Geneva,2016-10-06,2015-05-29,"1","9","8792",,Apple,iPhone 5s,4.200000000000000,"0",244.390109899999999,375.323170699999991
18248724686,31871027@N06,Geneva Switzerland,2016-10-06,2015-05-29,"1","8","7738",,Apple,iPhone 5s,4.200000000000000,"0",27.221238939999999,383.683501700000022
18271326392,31871027@N06,Geneva,2016-10-06,2015-05-29,"1","9","8785",,Apple,iPhone 5s,4.200000000000000,"0",31.670560750000000,383.683501700000022
18276492801,31871027@N06,Geneva,2016-10-06,2015-05-29,"1","8","7766",,Apple,iPhone 5s,4.200000000000000,"0",31.900360140000000,401.475247500000023
17652428554,31871027@N06,Geneva,2016-10-06,2015-05-29,"1","9","8819",,Apple,iPhone 5s,4.200000000000000,"0",244.390109899999999,375.323170699999991
23444101329,138093255@N05,IMG_7047,2016-10-06,2015-06-29,"1","1","691",,Apple,iPhone 5,4.100000000000000,"0",325.900990100000001,376.983695699999998
21536237074,9497473@N03,Geneva - 085 La Perle du Lac,2016-10-06,2015-10-12,"1","1","592",,Apple,iPhone 6 Plus,4.200000000000000,"0",95.458404070000000,385.000000000000000
22169253281,9497473@N03,Geneva - 086 La Perle du Lac,2016-10-06,2015-10-12,"1","1","689",,Apple,iPhone 6 Plus,4.200000000000000,"0",237.961685799999998,380.000000000000000
22132854026,9497473@N03,Geneva - 087 La Perle du Lac,2016-10-06,2015-10-12,"1","6","5804",,Apple,iPhone 6 Plus,4.200000000000000,"0",285.606451600000014,380.000000000000000
22169250751,9497473@N03,Geneva - 088 La Perle du Lac,2016-10-06,2015-10-12,"1","1","708",,Apple,iPhone 6 Plus,4.200000000000000,"0",170.299595100000005,379.000000000000000
22146400302,9497473@N03,Geneva - 089 La Perle du Lac,2016-10-06,2015-10-12,"1","6","5801",,Apple,iPhone 6 Plus,4.200000000000000,"0",112.941135200000005,381.000000000000000
21970898900,9497473@N03,Geneva - 091 La Perle du Lac,2016-10-06,2015-10-12,"1","1","695",,Apple,iPhone 6 Plus,4.200000000000000,"0",176.051813500000009,382.000000000000000
21970898510,9497473@N03,Geneva - 092 La Perle du Lac,2016-10-06,2015-10-12,"1","1","586",,Apple,iPhone 6 Plus,4.200000000000000,"0",184.183206100000007,380.000000000000000
21537930173,9497473@N03,Geneva - 093 La Perle du Lac,2016-10-06,2015-10-12,"1","6","5681",,Apple,iPhone 6 Plus,4.200000000000000,"0",252.734567900000002,383.000000000000000
21931925682,49646628@N00,,2016-10-06,2015-10-04,"1","6","5821",,Apple,iPhone 6,4.200000000000000,"0",344.221621599999992,382.812442799999985
21943976735,49646628@N00,,2016-10-06,2015-10-04,"1","6","5775",,Apple,iPhone 6,4.200000000000000,"0",343.325301200000013,382.852272700000015
21291429004,13042951@N00,851europa,2016-10-06,2015-07-05,"1","1","753",,Apple,iPhone 4S,4.300000000000000,"0",146.131944400000009,383.000000000000000
20546952042,69108079@N07,,2016-10-06,2015-07-30,"1","6","5670",,Apple,iPhone 5s,4.200000000000000,"0",316.664473699999974,376.233009700000025
20555877465,69108079@N07,,2016-10-06,2015-07-30,"1","6","5762",,Apple,iPhone 6 Plus,4.200000000000000,"0",284.519684999999981,374.137930999999980
19934991623,69108079@N07,,2016-10-06,2015-07-30,"1","6","5634",,Apple,iPhone 6 Plus,4.200000000000000,"0",266.057522100000028,375.380531000000019
20546949342,69108079@N07,,2016-10-06,2015-07-30,"1","6","5697",,Apple,iPhone 6 Plus,4.200000000000000,"0",265.163701100000026,375.291208799999993
20369148469,69108079@N07,,2016-10-06,2015-07-30,"1","6","5680",,Apple,iPhone 5s,4.200000000000000,"0",330.947999999999979,374.760517800000002
18885222485,78766541@N05,A path of wonder,2016-10-06,2015-04-20,"1","1","389",,Apple,iPhone 5s,4.200000000000000,"0",177.466063300000002,376.009999999999991
21289386649,97437142@N02,,2016-10-06,2015-06-15,"1","1","725",,Apple,iPhone 6 Plus,4.200000000000000,"0",11.244873340000000,408.216216200000019
20906832135,97437142@N02,,2016-10-06,2015-06-15,"1","6","5711",,Apple,iPhone 6 Plus,4.200000000000000,"0",5.670989761000000,408.980315000000019
20720082029,97437142@N02,,2016-10-06,2015-06-15,"1","6","5709",,Apple,iPhone 6 Plus,4.200000000000000,"0",17.279022399999999,408.066433599999982
20718874238,97437142@N02,,2016-10-06,2015-06-15,"1","1","615",,Apple,iPhone 6 Plus,4.200000000000000,"0",325.320652199999984,409.131205700000010
20914132271,97437142@N02,,2016-10-06,2015-06-15,"1","6","5712",,Apple,iPhone 6 Plus,4.200000000000000,"0",326.374100699999985,409.001432700000009
20285806003,97437142@N02,,2016-10-06,2015-06-15,"1","1","697",,Apple,iPhone 6 Plus,4.200000000000000,"0",349.472295499999973,407.578878700000018
20906825005,97437142@N02,,2016-10-06,2015-06-15,"1","6","5632",,Apple,iPhone 6 Plus,4.200000000000000,"0",0.979583666900000,407.862500000000011
20718868458,97437142@N02,,2016-10-06,2015-06-15,"1","1","724",,Apple,iPhone 6 Plus,4.200000000000000,"0",353.747663600000010,407.558558600000026
20720073369,97437142@N02,,2016-10-06,2015-06-15,"1","6","5693",,Apple,iPhone 6 Plus,4.200000000000000,"0",354.537444900000025,407.862500000000011
20718772830,97437142@N02,,2016-10-06,2015-06-15,"1","1","572",,Apple,iPhone 6 Plus,4.200000000000000,"0",1.589874278000000,407.857627100000002
20720066789,97437142@N02,,2016-10-06,2015-06-15,"1","1","639",,Apple,iPhone 6 Plus,4.200000000000000,"0",348.687022899999988,408.388800000000003
20285790253,97437142@N02,,2016-10-06,2015-06-15,"1","6","5713",,Apple,iPhone 6 Plus,4.200000000000000,"0",68.055572519999998,410.057471299999975
20897099402,97437142@N02,,2016-10-06,2015-06-15,"1","6","5722",,Apple,iPhone 6 Plus,4.200000000000000,"0",338.891472899999997,408.111650499999996
17899161693,26535206@N03,YMCA WORLD CHALLENGE 2015,2016-10-06,2015-06-06,"1","1","387",,Apple,iPhone 5s,4.200000000000000,"0",257.023621999999989,420.237704899999983
17899139223,26535206@N03,YMCA WORLD CHALLENGE 2015,2016-10-06,2015-06-06,"1","1","386",,Apple,iPhone 5s,4.200000000000000,"0",82.582031250000000,405.181034500000010
22496597794,52383292@N06,Geneve-1534.jpg,2016-10-06,2015-11-01,"1","1","721",,Jag.gr,PureShot for Apple iPhone 5s,4.200000000000000,"0",72.888372090000004,401.257575799999984
22727029839,52383292@N06,Geneve-1533.jpg,2016-10-06,2015-11-01,"1","6","5794",,Jag.gr,PureShot for Apple iPhone 5s,4.200000000000000,"0",30.379113019999998,401.257575799999984
22482462850,82995195@N08,Lasergame !,2016-10-06,2015-10-30,"1","1","656",,Apple,iPhone 6,2.700000000000000,"0",268.819277100000022,402.627659600000015
23633499389,52383292@N06,Genève-1580.jpg,2016-10-06,2015-12-25,"1","2","1508",,Apple,iPhone 5s,4.200000000000000,"0",40.739197529999998,367.826771699999995
23975279926,52383292@N06,Genève-1575.jpg,2016-10-06,2015-12-25,"1","2","1655",,Apple,iPhone 5s,4.200000000000000,"0",294.329317300000014,370.250000000000000
23330560484,8650698@N02,Genève 日內瓦,2016-10-06,2015-08-02,"1","2","1696",,Apple,iPhone 5s,4.100000000000000,"0",18.290099770000001,376.951456300000018
23590936189,8650698@N02,Genève 日內瓦,2016-10-06,2015-08-02,"1","6","5810",,Apple,iPhone 5s,4.100000000000000,"0",41.736694679999999,375.764478800000006
23330544494,8650698@N02,Genève 日內瓦,2016-10-06,2015-08-02,"1","6","5624",,Apple,iPhone 5s,4.100000000000000,"0",280.449735400000009,377.607142899999985
23306460586,87282947@N06,Switzerland 2015,2016-10-06,2015-11-10,"1","1","730",,Apple,iPhone 6,4.200000000000000,"0",142.794136400000014,375.876865699999996
23130805471,52383292@N06,Geneve-1538.jpg,2016-10-06,2015-11-01,"1","6","5754",,Jag.gr,PureShot for Apple iPhone 5s,4.200000000000000,"0",342.206451599999980,395.401234600000009
23093247286,52383292@N06,Geneve-1536.jpg,2016-10-06,2015-11-01,"1","6","5832",,Jag.gr,PureShot for Apple iPhone 5s,4.200000000000000,"0",81.041450780000005,396.471544699999981
22982895531,77193386@N05,,2016-10-06,2015-03-31,"1","1","760",,Apple,iPhone 6,4.200000000000000,"0",47.544129550000001,379.300000000000011
22945747656,77193386@N05,,2016-10-06,2015-03-31,"1","6","5757",,Apple,iPhone 6,4.200000000000000,"0",149.944881900000013,375.500000000000000
22350598543,77193386@N05,,2016-10-06,2015-03-31,"1","6","5826",,Apple,iPhone 6,4.200000000000000,"0",175.503496500000011,380.000000000000000
22553402197,77193386@N05,,2016-10-06,2015-03-31,"1","6","5811",,Apple,iPhone 6,4.200000000000000,"0",208.666068200000012,380.300000000000011
22971768455,77193386@N05,,2016-10-06,2015-03-31,"1","6","5738",,Apple,iPhone 6,4.200000000000000,"0",212.071428599999990,379.699999999999989
22553446748,77193386@N05,,2016-10-06,2015-03-31,"1","1","572",,Apple,iPhone 6,4.200000000000000,"0",175.760784300000012,379.699999999999989
22783726260,77193386@N05,,2016-10-06,2015-03-31,"1","1","758",,Apple,iPhone 6,4.200000000000000,"0",146.171380999999997,381.399999999999977
22350585603,77193386@N05,,2016-10-06,2015-03-31,"1","6","5826",,Apple,iPhone 6,4.200000000000000,"0",125.135101000000006,381.199999999999989
22945731856,77193386@N05,,2016-10-06,2015-03-31,"1","6","5776",,Apple,iPhone 6,4.200000000000000,"0",140.662356299999999,381.300000000000011
22982878021,77193386@N05,,2016-10-06,2015-03-31,"1","6","5793",,Apple,iPhone 6,4.200000000000000,"0",145.768656700000008,375.000000000000000
22553389557,77193386@N05,,2016-10-06,2015-03-31,"1","6","5665",,Apple,iPhone 6,4.200000000000000,"0",138.638461500000005,380.500000000000000
22349003494,77193386@N05,,2016-10-06,2015-03-31,"1","1","738",,Apple,iPhone 6,4.200000000000000,"0",139.482625500000012,376.100000000000023
22783719440,77193386@N05,,2016-10-06,2015-03-31,"1","1","749",,Apple,iPhone 6,4.200000000000000,"0",138.808532799999995,376.100000000000023
22579584829,77193386@N05,,2016-10-06,2015-03-31,"1","1","628",,Apple,iPhone 6,4.200000000000000,"0",128.776223799999997,380.800000000000011
22971751445,77193386@N05,,2016-10-06,2015-03-31,"1","1","667",,Apple,iPhone 6,4.200000000000000,"0",138.246861899999999,375.399999999999977
22958338272,77193386@N05,,2016-10-06,2015-03-31,"1","6","5672",,Apple,iPhone 6,4.200000000000000,"0",144.246913599999999,381.100000000000023
22553381487,77193386@N05,,2016-10-06,2015-03-31,"1","1","770",,Apple,iPhone 6,4.200000000000000,"0",136.821989500000001,378.699999999999989
22350573403,77193386@N05,,2016-10-06,2015-03-31,"1","6","5737",,Apple,iPhone 6,4.200000000000000,"0",108.428650099999999,375.500000000000000
22783712080,77193386@N05,,2016-10-06,2015-03-31,"1","6","5751",,Apple,iPhone 6,4.200000000000000,"0",127.997584500000002,380.800000000000011
22958333482,77193386@N05,,2016-10-06,2015-03-31,"1","1","726",,Apple,iPhone 6,4.200000000000000,"0",185.019138800000007,380.100000000000023
22553376707,77193386@N05,,2016-10-06,2015-03-31,"1","1","587",,Apple,iPhone 6,4.200000000000000,"0",175.979187300000007,380.100000000000023
22971743765,77193386@N05,,2016-10-06,2015-03-31,"1","6","5761",,Apple,iPhone 6,4.200000000000000,"0",157.185185200000006,379.199999999999989
22579574339,77193386@N05,,2016-10-06,2015-03-31,"1","6","5741",,Apple,iPhone 6,4.200000000000000,"0",138.474999999999994,380.699999999999989
22350566803,77193386@N05,,2016-10-06,2015-03-31,"1","1","625",,Apple,iPhone 6,4.200000000000000,"0",192.975041599999997,380.699999999999989
22958326872,77193386@N05,,2016-10-06,2015-03-31,"1","6","5806",,Apple,iPhone 6,4.200000000000000,"0",173.488924099999991,380.600000000000023
22945710766,77193386@N05,,2016-10-06,2015-03-31,"1","6","5783",,Apple,iPhone 6,4.200000000000000,"0",151.268382400000007,380.100000000000023
22553418478,77193386@N05,,2016-10-06,2015-03-31,"1","1","576",,Apple,iPhone 6,4.200000000000000,"0",149.297397799999999,380.100000000000023
22958248272,77193386@N05,,2016-10-06,2015-01-27,"1","1","723",,Apple,iPhone 6,4.200000000000000,"0",38.912280699999997,380.399999999999977
22553340898,77193386@N05,,2016-10-06,2015-01-27,"1","1","600",,Apple,iPhone 6,4.200000000000000,"0",40.505197510000002,380.699999999999989
22553339898,77193386@N05,,2016-10-06,2015-01-27,"1","6","5708",,Apple,iPhone 6,4.200000000000000,"0",226.503649599999989,380.699999999999989
22945629346,77193386@N05,,2016-10-06,2015-01-27,"1","1","742",,Apple,iPhone 6,4.200000000000000,"0",222.397321400000010,380.699999999999989
22350481213,77193386@N05,,2016-10-06,2015-01-27,"1","6","5735",,Apple,iPhone 6,4.200000000000000,"0",222.947488600000014,380.699999999999989
22783587980,77193386@N05,,2016-10-06,2015-01-20,"1","6","5706",,Apple,iPhone 6,4.200000000000000,"0",147.573964499999988,383.300000000000011
22553252837,77193386@N05,,2016-10-06,2015-01-20,"1","6","5836",,Apple,iPhone 6,4.200000000000000,"0",149.154905299999996,387.199999999999989
22945527716,77193386@N05,,2016-10-06,2015-01-20,"1","1","571",,Apple,iPhone 6,4.200000000000000,"0",296.481865299999981,385.100000000000023
22681613321,82995195@N08,Lasergame !,2016-10-06,2015-10-30,"1","1","770",,Apple,iPhone 6,4.200000000000000,"0",318.939655200000004,402.414285699999994
22047659004,82995195@N08,Lasergame !,2016-10-06,2015-10-30,"1","6","5707",,Apple,iPhone 6,4.200000000000000,"0",171.739534899999995,402.531250000000000
22049285203,82995195@N08,Lasergame !,2016-10-06,2015-10-30,"1","1","617",,Apple,iPhone 6,2.700000000000000,"0",222.738095200000004,402.212065800000005
22681607741,82995195@N08,Lasergame !,2016-10-06,2015-10-30,"1","1","614",,Apple,iPhone 6,2.700000000000000,"0",162.554404099999999,402.273170699999980
22681606271,82995195@N08,Lasergame !,2016-10-06,2015-10-30,"1","1","696",,Apple,iPhone 6,4.200000000000000,"0",149.663742700000000,402.736434099999997
22049282043,82995195@N08,Lasergame !,2016-10-06,2015-10-30,"1","1","746",,Apple,iPhone 6,4.200000000000000,"0",204.237500000000011,402.496732000000009
22049281503,82995195@N08,Lasergame !,2016-10-06,2015-10-30,"1","1","672",,Apple,iPhone 6,4.200000000000000,"0",300.887700499999994,402.542483699999991
22047651334,82995195@N08,Lasergame !,2016-10-06,2015-10-30,"1","1","595",,Apple,iPhone 6,4.200000000000000,"0",320.523076899999978,402.450381699999980
22049277103,82995195@N08,Lasergame !,2016-10-06,2015-10-30,"1","6","5824",,Apple,iPhone 6,4.200000000000000,"0",190.205804699999987,402.155279500000006
22482465520,82995195@N08,Lasergame !,2016-10-06,2015-10-30,"1","1","659",,Apple,iPhone 6,4.200000000000000,"0",193.349944599999986,402.531250000000000
22656879452,82995195@N08,Lasergame !,2016-10-06,2015-10-30,"1","6","5748",,Apple,iPhone 6,2.700000000000000,"0",286.431249999999977,402.292452799999978
22670417995,82995195@N08,Lasergame !,2016-10-06,2015-10-30,"1","1","593",,Apple,iPhone 6,4.200000000000000,"0",149.550264599999991,402.812658199999987
22482460870,82995195@N08,Lasergame !,2016-10-06,2015-10-30,"1","1","621",,Apple,iPhone 6,2.700000000000000,"0",265.404580199999998,402.627659600000015
22681590701,82995195@N08,Lasergame !,2016-10-06,2015-10-30,"1","1","611",,Apple,iPhone 6,2.700000000000000,"0",146.899441300000007,402.489932899999985
21420786341,74706611@N00,Lake Geneva,2016-10-06,2015-09-13,"1","1","639",,Apple,iPhone 5,4.100000000000000,"0",183.495867800000013,373.058823500000017
16651195404,77193386@N05,,2016-10-06,2015-04-25,"1","9","8735",,Apple,iPhone 6,4.200000000000000,"0",15.613356769999999,381.600000000000023
16651194494,77193386@N05,,2016-10-06,2015-04-25,"1","9","8808",,Apple,iPhone 6,4.200000000000000,"0",127.424870499999997,381.100000000000023
16653421823,77193386@N05,,2016-10-06,2015-04-25,"1","9","8761",,Apple,iPhone 6,4.200000000000000,"0",214.834951499999988,381.399999999999977
17247674526,77193386@N05,,2016-10-06,2015-04-25,"1","8","7695",,Apple,iPhone 6,4.200000000000000,"0",204.454849499999995,380.899999999999977
17086112350,77193386@N05,,2016-10-06,2015-04-25,"1","8","7711",,Apple,iPhone 6,4.200000000000000,"0",250.728395100000000,379.199999999999989
17085870708,77193386@N05,,2016-10-06,2015-04-25,"1","9","8751",,Apple,iPhone 6,4.200000000000000,"0",13.692963750000001,379.899999999999977
16547040046,65889196@N07,,2016-10-06,2015-02-18,"1","8","7335",,Apple,iPhone 5,4.100000000000000,"0",288.367521399999987,390.000000000000000
16547039016,65889196@N07,,2016-10-06,2015-02-18,"1","9","8597",,Apple,iPhone 5,4.100000000000000,"0",67.286532949999994,389.100000000000023
16571919022,65889196@N07,,2016-10-06,2015-02-18,"1","9","8584",,Apple,iPhone 5,4.100000000000000,"0",34.415178570000002,424.300000000000011
